,iata_code,name,longitude_deg,latitude_deg,municipality,region_name
0,LAX,Los Angeles / Tom Bradley International Airport,-118.407997,33.942501,Los Angeles,California
1,ORD,Chicago O'Hare International Airport,-87.9048,41.9786,Chicago,Illinois
2,JFK,John F Kennedy International Airport,-73.779317,40.639447,New York,New York
3,ATL,Hartsfield Jackson Atlanta International Airport,-84.428101,33.6367,Atlanta,Georgia
4,DFW,Dallas Fort Worth International Airport,-97.038002,32.896801,Dallas-Fort Worth,Texas
5,DEN,Denver International Airport,-104.672996521,39.861698150635,Denver,Colorado
